variable,count,mean,std,min,25%,50%,75%,max,original
dummy1,1000.0,-1.913041051854078e-05,0.00969099799602584,-0.0289245189736533,-0.0061988650768886495,7.727433252391336e-05,0.0066346980942322,0.0285388962235799,0.0009157469149059
dummy2,1000.0,-0.00019193251685137845,0.011081774167423963,-0.0335527576758778,-0.008201394963894975,-0.00045780335850405,0.007371069442385125,0.0352460076652185,-0.0032741140104803
x1,1000.0,0.04827962337173223,2.981479884292724,-8.379515238005583,-1.899672000308759,-0.0840422957867645,1.8942052228059725,28.20501214222959,28.20501214222959
x2,1000.0,0.3611212725568541,8.132124910616582,-26.615869717699635,-4.803186618776481,0.1292124460167097,5.273233545483381,75.05088307813682,75.05088307813682
x3,1000.0,-0.10081799638944701,1.966669485523879,-5.627524073149488,-1.4125325049429052,-0.2036828732965183,1.207376274624437,17.754910666337732,17.754910666337732
